participant,details:1,details:2,details:3,codemixingpart1:1,codemixingpart2:1,codemixingpart3:1,TIME_start,TIME_end
s.0766be86-4166-49f7-a7b9-9443985bcd68.txt,35,Hindi,Bihar,CodeMixing.2017-10-10-1849.data.0766be86-4166-49f7-a7b9-9443985bcd68.txt,CodeMixing2.2017-10-10-1851.data.0766be86-4166-49f7-a7b9-9443985bcd68.txt,CodeMixing3.2017-10-10-1853.data.0766be86-4166-49f7-a7b9-9443985bcd68.txt,2017-10-10-18-46,2017-10-10-18-53,
s.28ac59f1-67e8-4d4d-bc11-1a1a58e48b09.txt,"","","","","","",2017-10-08-00-08,""
s.62d0c9aa-5ddd-4e8e-ae53-72f517e267ac.txt,24,Bengali,West Bengal,CodeMixing.2017-09-17-2047.data.62d0c9aa-5ddd-4e8e-ae53-72f517e267ac.txt,"","",2017-09-17-20-42,""
s.bb7bea8a-e8d6-4fe8-8109-33981289efaa.txt,21,Hindi,Uttar Pradesh,"","","",2017-10-06-12-51,""
s.a24dc93a-9715-41eb-b7c5-1ce47c7e09c6.txt,24,Bengali,West Bengal,"","","",2017-10-06-18-28,""
s.8e9f7da0-9373-488e-9815-5560fc2f4249.txt,17,hindi,bharatpur,"","","",2017-09-08-08-03,""
s.84e7ecda-0d59-4cd7-b6e9-0033e52f15d0.txt,14,Malayalam,South india,"","","",2017-10-07-07-40,""
s.ed375aa7-842c-4d61-bc6d-3b3b1c23b166.txt,23,bengali,kolkata,"","","",2017-10-06-17-59,""
s.a0ef4ce8-5165-4a6b-bbd1-29cc92b5a3bc.txt,23,Marathi,Mumbai,"","","",2017-09-14-15-06,""
s.5a37febf-68cc-498f-a3c4-bd948a7620d0.txt,20,Bengali,West Bengal,"","","",2017-10-06-08-13,""
s.d2b48be4-6d04-40c0-8fe5-88cb540df787.txt,21,Marathi,Maharashtra,"","","",2017-10-06-12-48,""
s.45281aea-2d78-45f0-800e-90c040344e6a.txt,21,Hindi,Haryana,CodeMixing.2017-10-06-1250.data.45281aea-2d78-45f0-800e-90c040344e6a.txt,"","",2017-10-06-12-45,""
s.b68cf77b-4c00-4641-bcfc-748a0a4d4ff1.txt,24,Hindi,North India,CodeMixing.2017-10-06-1525.data.b68cf77b-4c00-4641-bcfc-748a0a4d4ff1.txt,"","",2017-10-06-15-22,""
s.c276dc19-8685-409e-95fe-86156aada4a3.txt,20,Hindi,Jharkhand,"","","",2017-10-06-02-58,""
s.e2ec1630-b10e-4881-bbe0-7186f5557a4d.txt,22,Hindi,Bihar,"","","",2017-10-06-08-07,""
s.2cd71c9d-c7b3-45da-b209-83856b964e96.txt,20,Malayalam,Kerala,CodeMixing.2017-10-04-1509.data.2cd71c9d-c7b3-45da-b209-83856b964e96.txt,CodeMixing2.2017-10-04-1512.data.2cd71c9d-c7b3-45da-b209-83856b964e96.txt,CodeMixing3.2017-10-04-1515.data.2cd71c9d-c7b3-45da-b209-83856b964e96.txt,2017-10-04-15-03,2017-10-04-15-15,
s.1ee3441e-f634-4791-9021-afc84153b962.txt,"","","","","","",2017-09-14-11-15,""
s.98946757-f956-4eed-9b94-3a9e1e189cb5.txt,27,Bengali,West Bengal,CodeMixing.2017-10-06-2045.data.98946757-f956-4eed-9b94-3a9e1e189cb5.txt,CodeMixing2.2017-10-06-2048.data.98946757-f956-4eed-9b94-3a9e1e189cb5.txt,CodeMixing3.2017-10-06-2050.data.98946757-f956-4eed-9b94-3a9e1e189cb5.txt,2017-10-06-20-42,2017-10-06-20-50,
s.ec038519-48d0-48aa-949a-c4f5133bc09d.txt,18,telugu,"guntur,andhra pradesh",CodeMixing.2017-11-07-1801.data.ec038519-48d0-48aa-949a-c4f5133bc09d.txt,CodeMixing2.2017-11-07-1803.data.ec038519-48d0-48aa-949a-c4f5133bc09d.txt,CodeMixing3.2017-11-07-1806.data.ec038519-48d0-48aa-949a-c4f5133bc09d.txt,2017-11-07-17-56,2017-11-07-18-06,
s.0ea0771a-f962-4b45-8f9b-4cef3c28abfa.txt,23,Hindi,Jalpaiguri,CodeMixing.2017-10-08-0915.data.0ea0771a-f962-4b45-8f9b-4cef3c28abfa.txt,CodeMixing2.2017-10-08-0919.data.0ea0771a-f962-4b45-8f9b-4cef3c28abfa.txt,CodeMixing3.2017-10-08-0923.data.0ea0771a-f962-4b45-8f9b-4cef3c28abfa.txt,2017-10-08-09-10,2017-10-08-09-23,
s.973aa4c1-b835-4abb-be74-43377089f5b4.txt,"","","","","","",2017-11-07-17-57,""
s.d029b71b-f644-4c12-bf71-b02198fb4d1f.txt,21,bengali,"Ichapur,West Bengal","","","",2017-10-06-11-11,""
s.a7154ce9-63bf-4614-b6fe-5be830f5332c.txt,24,Bengali,West Bengal,CodeMixing.2017-09-14-1901.data.a7154ce9-63bf-4614-b6fe-5be830f5332c.txt,CodeMixing2.2017-09-14-1903.data.a7154ce9-63bf-4614-b6fe-5be830f5332c.txt,CodeMixing3.2017-09-14-1907.data.a7154ce9-63bf-4614-b6fe-5be830f5332c.txt,2017-09-14-18-57,2017-09-14-19-07,
s.68acd954-671f-45ce-b4db-862c6401a845.txt,"","","","","","",2017-10-06-07-48,""
s.ef0f425a-0e10-4b1a-9d0e-a63f5fb384e8.txt,21,Bengali,"Kolkata, West Bengal","","","",2017-10-06-09-20,""
s.9cb4f716-7186-4c42-baba-192a6def43df.txt,24,Bengali,Serampore,"","","",2017-09-14-11-14,""
s.28025075-f192-4f81-a50e-06d92b6712ef.txt,24,Bengali,Hindu,"","","",2017-10-06-08-13,""
s.5835854b-5730-42d9-8bfa-13c7c567889e.txt,20,Hindi,Rajasthan,CodeMixing.2017-10-06-1301.data.5835854b-5730-42d9-8bfa-13c7c567889e.txt,CodeMixing2.2017-10-06-1304.data.5835854b-5730-42d9-8bfa-13c7c567889e.txt,CodeMixing3.2017-10-06-1306.data.5835854b-5730-42d9-8bfa-13c7c567889e.txt,2017-10-06-12-55,2017-10-06-13-06,
s.ddfd994f-a153-4d8d-b88b-1726daf8805e.txt,33,Hindi,Nagpur,CodeMixing.2017-09-10-1811.data.ddfd994f-a153-4d8d-b88b-1726daf8805e.txt,CodeMixing2.2017-09-10-1813.data.ddfd994f-a153-4d8d-b88b-1726daf8805e.txt,CodeMixing3.2017-09-10-1816.data.ddfd994f-a153-4d8d-b88b-1726daf8805e.txt,2017-09-10-18-09,2017-09-10-18-16,
s.89b37b34-8dab-4944-862c-592084fec6a8.txt,30,Bengali,Kolkata,"","","",2017-10-06-12-21,""
s.c33a2c4b-3482-4ac0-9be5-9e775d54e069.txt,23,Marathi,Mumbai,CodeMixing.2017-09-14-1511.data.c33a2c4b-3482-4ac0-9be5-9e775d54e069.txt,CodeMixing2.2017-09-14-1514.data.c33a2c4b-3482-4ac0-9be5-9e775d54e069.txt,CodeMixing3.2017-09-14-1519.data.c33a2c4b-3482-4ac0-9be5-9e775d54e069.txt,2017-09-14-15-07,2017-09-14-15-19,
s.bc76b5ee-0837-4516-92cd-4e2fcd54a913.txt,35,Hindi,Bihar,"","","",2017-10-06-14-09,""
s.d52386e9-0409-4767-b04a-1f3bf531fb3d.txt,22,Hindi,Delhi,CodeMixing.2017-11-13-1105.data.d52386e9-0409-4767-b04a-1f3bf531fb3d.txt,CodeMixing2.2017-11-13-1108.data.d52386e9-0409-4767-b04a-1f3bf531fb3d.txt,CodeMixing3.2017-11-13-1111.data.d52386e9-0409-4767-b04a-1f3bf531fb3d.txt,2017-11-13-11-02,2017-11-13-11-11,
s.37abddee-a3e7-4702-9dbb-2f050c58e1ee.txt,18,Hindi,Bihar,"","","",2017-11-09-09-53,""
s.c0b70399-bbe4-4c38-b983-396fff536419.txt,34,Hindi,Patna,"","","",2017-10-06-14-11,""
s.bdc6791f-8a23-4bba-a85e-81472c942089.txt,17,Hindi,Hindu,"","","",2017-11-07-19-44,""
s.7d09a2e4-ef1f-4108-9d12-9a0f57fd79ae.txt,18,Hindi,"",CodeMixing.2017-09-12-1119.data.7d09a2e4-ef1f-4108-9d12-9a0f57fd79ae.txt,CodeMixing2.2017-09-12-1121.data.7d09a2e4-ef1f-4108-9d12-9a0f57fd79ae.txt,CodeMixing3.2017-09-12-1126.data.7d09a2e4-ef1f-4108-9d12-9a0f57fd79ae.txt,2017-09-12-11-16,2017-09-12-11-26,
s.dda6052a-b552-402d-b09f-fe9a15a9d945.txt,24,English,Gurgaon,CodeMixing.2017-10-06-2131.data.dda6052a-b552-402d-b09f-fe9a15a9d945.txt,"","",2017-10-06-21-28,""
s.e6391830-96ba-4ada-bb52-f6f621cf2112.txt,30,Bengali,West Bengal,CodeMixing.2017-11-10-1232.data.e6391830-96ba-4ada-bb52-f6f621cf2112.txt,CodeMixing2.2017-11-10-1235.data.e6391830-96ba-4ada-bb52-f6f621cf2112.txt,CodeMixing3.2017-11-10-1238.data.e6391830-96ba-4ada-bb52-f6f621cf2112.txt,2017-11-10-12-27,2017-11-10-12-38,
s.b1fcebdf-77a1-464d-8a53-89f323b27972.txt,27,Hindi,Cuttack,CodeMixing.2017-09-08-0811.data.b1fcebdf-77a1-464d-8a53-89f323b27972.txt,CodeMixing2.2017-09-08-0814.data.b1fcebdf-77a1-464d-8a53-89f323b27972.txt,CodeMixing3.2017-09-08-0816.data.b1fcebdf-77a1-464d-8a53-89f323b27972.txt,2017-09-08-08-07,2017-09-08-08-16,
s.f61adfb4-a936-460a-9626-14c7212187c7.txt,26,Hindi,Rajasthan,CodeMixing.2017-10-08-2102.data.f61adfb4-a936-460a-9626-14c7212187c7.txt,CodeMixing2.2017-10-08-2105.data.f61adfb4-a936-460a-9626-14c7212187c7.txt,"",2017-10-08-20-58,""
s.1494e24b-4213-485a-9c06-9da0d8f6b015.txt,24,Malayalam,Kerala,"","","",2017-10-06-07-01,""
s.efe1e01e-9804-4c85-add5-053a54eb5bef.txt,30,Hindi,Hindu,"","","",2017-10-06-18-03,""
s.ff7a05eb-3fe4-437c-9f72-a8224b7a8ecc.txt,22,Bengali,Kolkata,CodeMixing.2017-10-06-0911.data.ff7a05eb-3fe4-437c-9f72-a8224b7a8ecc.txt,"","",2017-10-06-09-08,""
s.04e03202-a74f-472d-b3fb-d0cf72ad01a2.txt,27,hindi,uttrakhand,CodeMixing.2017-10-05-2001.data.04e03202-a74f-472d-b3fb-d0cf72ad01a2.txt,CodeMixing2.2017-10-05-2004.data.04e03202-a74f-472d-b3fb-d0cf72ad01a2.txt,CodeMixing3.2017-10-05-2007.data.04e03202-a74f-472d-b3fb-d0cf72ad01a2.txt,2017-10-05-19-57,2017-10-05-20-07,
s.c5fd2254-93ef-4b50-9a68-e527554cfe45.txt,21,bengali,"Ichapur,West Bengal",CodeMixing.2017-10-06-1158.data.c5fd2254-93ef-4b50-9a68-e527554cfe45.txt,CodeMixing2.2017-10-06-1201.data.c5fd2254-93ef-4b50-9a68-e527554cfe45.txt,CodeMixing3.2017-10-06-1203.data.c5fd2254-93ef-4b50-9a68-e527554cfe45.txt,2017-10-06-11-54,2017-10-06-12-03,
s.0a8c58bd-54a8-4762-bb8b-dba4e7e45d08.txt,24,Hindi,Jharkhand,CodeMixing.2017-11-08-1350.data.0a8c58bd-54a8-4762-bb8b-dba4e7e45d08.txt,CodeMixing2.2017-11-08-1353.data.0a8c58bd-54a8-4762-bb8b-dba4e7e45d08.txt,CodeMixing3.2017-11-08-1356.data.0a8c58bd-54a8-4762-bb8b-dba4e7e45d08.txt,2017-11-08-13-47,2017-11-08-13-56,
s.02b701a1-8f94-407b-8125-2c2574546a7b.txt,24,Hindi,Varanasi,"","","",2017-10-06-21-25,""
s.1f4d580a-f789-4447-8bdd-2b1cfbf39e58.txt,"","","","","","",2017-10-06-12-37,""
s.1f095cca-8081-4112-a186-56d4eb99b078.txt,18,Odia,Odisha,CodeMixing.2017-11-07-1845.data.1f095cca-8081-4112-a186-56d4eb99b078.txt,CodeMixing2.2017-11-07-1848.data.1f095cca-8081-4112-a186-56d4eb99b078.txt,CodeMixing3.2017-11-07-1851.data.1f095cca-8081-4112-a186-56d4eb99b078.txt,2017-11-07-18-41,2017-11-07-18-51,
s.463f41ca-e465-44ff-af30-54f4c75cef9d.txt,"","","","","","",2017-10-06-16-30,""
s.12ab6da2-240a-43a7-a5c1-a8ce37f20f8a.txt,23,hindi,uttarakhand,CodeMixing.2017-10-06-1147.data.12ab6da2-240a-43a7-a5c1-a8ce37f20f8a.txt,"","",2017-10-06-11-45,""
s.b83df963-8777-4b2d-81d4-4b05610ee9b2.txt,21,Malayalam,Kerala,"","","",2017-10-07-15-24,""
s.931b75ff-e9ce-4eed-b0bf-7ebd33180db2.txt,"","","","","","",2017-10-06-16-40,""
s.5faf889d-a779-4b9a-9fa9-5769eb39231d.txt,25,Hindi,Howrah ,"","","",2017-10-06-20-26,""
s.b4bf68b2-a40d-42f9-8530-9536ad81e0dd.txt,25,Bengali,West Bengal,"","","",2017-10-05-10-35,""
s.baccf15e-20ad-4a74-8227-1efb1053145a.txt,24,Bengali,Kolkata,CodeMixing.2017-10-05-1400.data.baccf15e-20ad-4a74-8227-1efb1053145a.txt,CodeMixing2.2017-10-05-1403.data.baccf15e-20ad-4a74-8227-1efb1053145a.txt,CodeMixing3.2017-10-05-1405.data.baccf15e-20ad-4a74-8227-1efb1053145a.txt,2017-10-05-13-57,2017-10-05-14-05,
s.4d679599-c1dc-478f-b603-6f8719552645.txt,25,Malayalam,Kerala,"","","",2017-10-07-16-05,""
s.31520a33-50e8-4ca4-9c40-e7b556799706.txt,24,Hindi,North,"","","",2017-10-06-15-21,""
s.1d806d22-6660-4bd0-8e52-0fdc9337f219.txt,21,English,Hindu,"","","",2017-10-06-12-46,""
s.148c4119-517f-4b25-ab19-2d4f66ae07e1.txt,28,Hindi,Hindu,CodeMixing.2017-09-14-1116.data.148c4119-517f-4b25-ab19-2d4f66ae07e1.txt,CodeMixing2.2017-09-14-1119.data.148c4119-517f-4b25-ab19-2d4f66ae07e1.txt,CodeMixing3.2017-09-14-1124.data.148c4119-517f-4b25-ab19-2d4f66ae07e1.txt,2017-09-14-11-12,2017-09-14-11-24,
s.b1cc17d5-7463-4828-900e-30ca04f85fe5.txt,19,hindi,"rewa,madhyapradesh","","","",2017-11-08-13-16,""
s.54562d2d-bc4d-4429-bf89-1a17f7e8959b.txt,22,HIndi,India,CodeMixing.2017-10-06-1125.data.54562d2d-bc4d-4429-bf89-1a17f7e8959b.txt,"","",2017-10-06-11-21,""
s.29020102-7c45-4a3a-b428-9323e61604f3.txt,25,Bengali,kolkata,CodeMixing.2017-11-15-0641.data.29020102-7c45-4a3a-b428-9323e61604f3.txt,"","",2017-11-15-06-33,""
s.d2e6eb41-39bf-40f3-a465-e079bf5f1f71.txt,19,Telugu,Andhra Pradesh,"","","",2017-11-09-07-53,""
s.a767150f-c72a-44e4-8ced-f7ddeb496314.txt,24,Hindi,West Bengal,"","","",2017-10-06-18-33,""
s.268906e5-5cad-445d-92db-e45ba161ada7.txt,18,Hindi,Rajasthan,"","","",2017-11-08-02-52,""
s.c461e393-eaff-4505-aed5-409805378c24.txt,32,Hindi,Delhi,CodeMixing.2017-10-06-1255.data.c461e393-eaff-4505-aed5-409805378c24.txt,"","",2017-10-06-12-51,""
s.6368e8cc-a232-4c3c-a6d7-ff567d6b7dd3.txt,"","","","","","",2017-09-14-11-28,""
s.7845a141-5298-4da5-869c-cd0b2352ca7e.txt,22,bengali,kolkata,"","","",2017-10-06-10-05,""
s.cbff5c0e-e1fc-496b-888c-f470c42068f7.txt,25,Bengali,West Bengal,CodeMixing.2017-10-06-1751.data.cbff5c0e-e1fc-496b-888c-f470c42068f7.txt,CodeMixing2.2017-10-06-1755.data.cbff5c0e-e1fc-496b-888c-f470c42068f7.txt,CodeMixing3.2017-10-06-1802.data.cbff5c0e-e1fc-496b-888c-f470c42068f7.txt,2017-10-06-17-46,2017-10-06-18-02,
s.bc2e7fd9-1ea1-4991-802a-d4f7345d8e52.txt,19,English,India,"","","",2017-10-07-06-26,""
s.e69d0dcf-b80c-454d-a242-2703c9ab8402.txt,21,Hindi,Haryana,CodeMixing.2017-10-06-1257.data.e69d0dcf-b80c-454d-a242-2703c9ab8402.txt,CodeMixing2.2017-10-06-1300.data.e69d0dcf-b80c-454d-a242-2703c9ab8402.txt,CodeMixing3.2017-10-06-1303.data.e69d0dcf-b80c-454d-a242-2703c9ab8402.txt,2017-10-06-12-54,2017-10-06-13-03,
s.d7790013-273c-4202-931a-f9a39ca78ad6.txt,"","","","","","",2017-10-07-07-24,""
s.7e13db27-4e1f-44e9-9360-91daa293199e.txt,20,Hindi,Hindu,CodeMixing.2017-10-06-2259.data.7e13db27-4e1f-44e9-9360-91daa293199e.txt,CodeMixing2.2017-10-06-2302.data.7e13db27-4e1f-44e9-9360-91daa293199e.txt,CodeMixing3.2017-10-06-2304.data.7e13db27-4e1f-44e9-9360-91daa293199e.txt,2017-10-06-22-55,2017-10-06-23-04,
s.982dce54-5994-43e0-86be-fde7cad8ce3b.txt,28,Telugu,Visakhapatnam,"","","",2017-10-06-14-52,""
s.f382e1df-d119-47a0-9613-040b0a95b774.txt,18,odia,odisha,CodeMixing.2017-11-08-1308.data.f382e1df-d119-47a0-9613-040b0a95b774.txt,"","",2017-11-08-13-03,""
s.4d80adf5-8810-4b68-a610-02fec545058d.txt,28,Hindi,India ,"","","",2017-10-06-14-44,""
s.eab323a8-4596-44c5-ada2-8b3662fb0679.txt,"","","",CodeMixing.2017-11-06-1440.data.eab323a8-4596-44c5-ada2-8b3662fb0679.txt,"","",2017-11-06-14-38,""
s.a13bd947-ab44-461d-b80b-bc97091493c2.txt,21,Hindi,Bihar,"","","",2017-10-06-08-07,""
s.cbca6480-1a67-4a1d-8a80-87c400b23869.txt,"","","","","","",2017-10-22-15-02,""
s.4e542d7c-0e98-43f3-9b20-47e0a854f9b9.txt,22,Hindi,Haryana,CodeMixing.2017-10-04-1419.data.4e542d7c-0e98-43f3-9b20-47e0a854f9b9.txt,"","",2017-10-04-14-16,""
s.8e777e2e-5548-4df5-a2a9-715cbf5df972.txt,25,Hindi,Howrah,"","","",2017-10-07-07-23,""
s.53893f4b-98d6-4551-bf00-0bbb7c4d94c7.txt,18,bengali,kolkata,CodeMixing.2017-11-07-1850.data.53893f4b-98d6-4551-bf00-0bbb7c4d94c7.txt,"","",2017-11-07-18-45,""
s.cfdbf751-7576-4df7-83b5-fa0d40231e94.txt,26,hindi,Bihar,CodeMixing.2017-10-22-1816.data.cfdbf751-7576-4df7-83b5-fa0d40231e94.txt,CodeMixing2.2017-10-22-1818.data.cfdbf751-7576-4df7-83b5-fa0d40231e94.txt,CodeMixing3.2017-10-22-1821.data.cfdbf751-7576-4df7-83b5-fa0d40231e94.txt,2017-10-22-18-13,2017-10-22-18-21,
s.ae71527b-18ea-4139-9459-d7cb6c8714f0.txt,22,Bengali,Kolkata,"","","",2017-10-06-09-04,""
s.af5e511b-7a05-49c4-811b-7b3ea60f371c.txt,20,hindi,bihar,CodeMixing.2017-10-06-1544.data.af5e511b-7a05-49c4-811b-7b3ea60f371c.txt,CodeMixing2.2017-10-06-1547.data.af5e511b-7a05-49c4-811b-7b3ea60f371c.txt,CodeMixing3.2017-10-06-1550.data.af5e511b-7a05-49c4-811b-7b3ea60f371c.txt,2017-10-06-15-40,2017-10-06-15-50,
s.05619281-9df3-4756-8f3d-4aa1de2cbd8d.txt,23,Bengali,Barrackpore,"","","",2017-10-06-08-36,""
s.bf7a4f19-c7da-4aa8-9008-bc39d142b55a.txt,18,Hindi,Himachal pradesh,"","","",2017-11-08-03-54,""
s.84eb02c0-4a1f-4219-8c70-a16ad86e844b.txt,39,KUTCHI,KUTCH,CodeMixing.2017-10-06-1443.data.84eb02c0-4a1f-4219-8c70-a16ad86e844b.txt,CodeMixing2.2017-10-06-1445.data.84eb02c0-4a1f-4219-8c70-a16ad86e844b.txt,CodeMixing3.2017-10-06-1446.data.84eb02c0-4a1f-4219-8c70-a16ad86e844b.txt,2017-10-06-14-41,2017-10-06-14-46,
s.ad14625b-e47c-4322-b12b-b59e7e17d6ea.txt,22,Hindi,Bhopal,CodeMixing.2017-09-15-1007.data.ad14625b-e47c-4322-b12b-b59e7e17d6ea.txt,"","",2017-09-15-10-04,""
s.b3bd588a-770f-40a5-a21a-a54eadf6d5c1.txt,22,Hindi,Bihar,"","","",2017-10-10-19-58,""
s.d447e1cd-c23c-4921-ad2d-2593a5ed18e1.txt,27,Bengali,West Bengal,CodeMixing.2017-10-06-2025.data.d447e1cd-c23c-4921-ad2d-2593a5ed18e1.txt,CodeMixing2.2017-10-06-2030.data.d447e1cd-c23c-4921-ad2d-2593a5ed18e1.txt,CodeMixing3.2017-10-06-2033.data.d447e1cd-c23c-4921-ad2d-2593a5ed18e1.txt,2017-10-06-20-22,2017-10-06-20-33,
s.7767ed27-bb60-4d9c-b567-eb9327b969c7.txt,26,Hindi,MP,CodeMixing.2017-09-16-1702.data.7767ed27-bb60-4d9c-b567-eb9327b969c7.txt,CodeMixing2.2017-09-16-1704.data.7767ed27-bb60-4d9c-b567-eb9327b969c7.txt,CodeMixing3.2017-09-16-1707.data.7767ed27-bb60-4d9c-b567-eb9327b969c7.txt,2017-09-16-16-58,2017-09-16-17-07,
s.0842bee1-92eb-4895-869e-cbe533058153.txt,22,Hindi,Uttar Pradesh,CodeMixing.2017-10-06-1609.data.0842bee1-92eb-4895-869e-cbe533058153.txt,CodeMixing2.2017-10-06-1611.data.0842bee1-92eb-4895-869e-cbe533058153.txt,CodeMixing3.2017-10-06-1614.data.0842bee1-92eb-4895-869e-cbe533058153.txt,2017-10-06-16-06,2017-10-06-16-14,
s.bea6c499-ad9c-4f78-88e6-3e8d4ddf2ee3.txt,21,Hindi,Jharkhand,CodeMixing.2017-10-06-1255.data.bea6c499-ad9c-4f78-88e6-3e8d4ddf2ee3.txt,CodeMixing2.2017-10-06-1258.data.bea6c499-ad9c-4f78-88e6-3e8d4ddf2ee3.txt,CodeMixing3.2017-10-06-1301.data.bea6c499-ad9c-4f78-88e6-3e8d4ddf2ee3.txt,2017-10-06-12-52,2017-10-06-13-01,
s.103622c4-f39b-483e-9537-e0ff8ff6373c.txt,24,Hindi,Dhanbad,"","","",2017-10-07-10-51,""
s.730890d3-0855-4941-b4ed-b96bd3ee7050.txt,18,hindi,rajasthan,CodeMixing.2017-10-06-1542.data.730890d3-0855-4941-b4ed-b96bd3ee7050.txt,CodeMixing2.2017-10-06-1544.data.730890d3-0855-4941-b4ed-b96bd3ee7050.txt,CodeMixing3.2017-10-06-1547.data.730890d3-0855-4941-b4ed-b96bd3ee7050.txt,2017-10-06-15-38,2017-10-06-15-47,
s.b62c0717-2e73-4144-9459-f9a9277f6058.txt,20,Bengali,Hindu,"","","",2017-10-07-15-17,""
s.1d41c9da-7fc4-494d-a43a-f7539036e9e5.txt,33,Hindi,India,CodeMixing.2017-09-10-1803.data.1d41c9da-7fc4-494d-a43a-f7539036e9e5.txt,CodeMixing2.2017-09-10-1806.data.1d41c9da-7fc4-494d-a43a-f7539036e9e5.txt,CodeMixing3.2017-09-10-1808.data.1d41c9da-7fc4-494d-a43a-f7539036e9e5.txt,2017-09-10-18-00,2017-09-10-18-08,
s.2588875f-c5ed-4f0b-a9c7-c4a0c04c84c8.txt,24,Bengali,Kolkata,"","","",2017-10-06-07-30,""
s.1fc1e8f6-31d0-42d2-85b8-249469e584f2.txt,20,Bengali,West Bengal,"","","",2017-10-06-08-11,""
s.6546960f-d6f8-42fc-a5ac-c5d79057be26.txt,21,Tamil,Palakkad,"","","",2017-10-06-17-32,""
s.5f5cab17-1b8d-42ec-819f-ed7e806cea60.txt,27,Hindi,Uttarakhand,CodeMixing.2017-09-14-1133.data.5f5cab17-1b8d-42ec-819f-ed7e806cea60.txt,CodeMixing2.2017-09-14-1136.data.5f5cab17-1b8d-42ec-819f-ed7e806cea60.txt,CodeMixing3.2017-09-14-1139.data.5f5cab17-1b8d-42ec-819f-ed7e806cea60.txt,2017-09-14-11-29,2017-09-14-11-39,
s.db1be6f4-9585-4f14-afa6-e524550d544d.txt,"","","","","","",2017-10-06-12-38,""
s.f6bc9916-7a5b-4acf-9990-9081157741c1.txt,25,Bengali,West Bengal,"","","",2017-10-06-17-43,""
s.fdafaa0c-db4b-40f2-87cd-0f3864f738da.txt,18,bengali,hindu,CodeMixing.2017-11-09-1805.data.fdafaa0c-db4b-40f2-87cd-0f3864f738da.txt,"","",2017-11-09-18-01,""
s.c640bf89-dfad-4459-90d0-c7de1cb1c5a0.txt,24,hindi,dhanbad,CodeMixing.2017-10-09-1657.data.c640bf89-dfad-4459-90d0-c7de1cb1c5a0.txt,CodeMixing2.2017-10-09-1700.data.c640bf89-dfad-4459-90d0-c7de1cb1c5a0.txt,CodeMixing3.2017-10-09-1703.data.c640bf89-dfad-4459-90d0-c7de1cb1c5a0.txt,2017-10-09-16-53,2017-10-09-17-03,
s.892a0d73-14a9-404c-965b-b8ba80eab225.txt,"","","","","","",2017-10-06-10-31,""
s.59121285-c4f7-4aef-9fed-327ef04b0f57.txt,35,Hindi,Bihar,"","","",2017-10-06-14-14,""
s.9a1757de-cfb9-4345-8593-df698a927408.txt,21,Marathi,Maharashtra,CodeMixing.2017-10-06-1311.data.9a1757de-cfb9-4345-8593-df698a927408.txt,"","",2017-10-06-13-09,""
s.b5145392-5d44-40e3-a786-a42f287a1475.txt,22,Hindi,Bhopal,"","","",2017-09-15-10-01,""
s.66da2e10-bd07-48fa-809d-e21ffc3ad65c.txt,17,Telugu,Andhra pradesh,"","","",2017-11-07-19-10,""
s.c75df6e2-fb51-4f61-a020-ea9f4f8f5ec2.txt,20,Himdi,CG,"","","",2017-10-06-12-46,""
s.cebab837-ee5a-4e97-a4f9-b5ccf1c0b9a3.txt,22,Hindi,Bihar,"","","",2017-10-06-09-31,""
s.616c5a90-5ad6-4c9d-9e54-88646eac5c3c.txt,25,Bengali,West Bengal,CodeMixing.2017-10-05-1041.data.616c5a90-5ad6-4c9d-9e54-88646eac5c3c.txt,"","",2017-10-05-10-38,""
s.fcc6f12d-39d5-43a6-a1c3-7f8aef368f78.txt,18,Telugu,"Guntur, Andhra Pradesh","","","",2017-11-07-17-53,""
s.308bcaa9-aee9-426d-96fe-c12ba36446eb.txt,35,Hindi,Bihar,"","","",2017-10-10-18-44,""
s.86eb3c9e-7aec-416d-bd21-2c3d2a8ca51c.txt,31,Hindi,UP,CodeMixing.2017-10-07-1033.data.86eb3c9e-7aec-416d-bd21-2c3d2a8ca51c.txt,"","",2017-10-07-10-30,""
s.934c8ea3-85de-4d18-8c5e-9e892d23f9ae.txt,"","","","","","",2017-10-06-07-50,""
s.c26a01fc-ccc8-4aba-a54c-5acd323bbffa.txt,25,Hindi,Howrah,CodeMixing.2017-10-07-0729.data.c26a01fc-ccc8-4aba-a54c-5acd323bbffa.txt,CodeMixing2.2017-10-07-0733.data.c26a01fc-ccc8-4aba-a54c-5acd323bbffa.txt,CodeMixing3.2017-10-07-0737.data.c26a01fc-ccc8-4aba-a54c-5acd323bbffa.txt,2017-10-07-07-25,2017-10-07-07-37,
s.24cd01f7-e397-4d5d-bb6a-1f1272063055.txt,24,Hindi,India,"","","",2017-09-14-12-11,""
s.ebf0728b-3153-4191-9e5b-2ca3d6be3add.txt,24,Bengali,West Bengal,CodeMixing.2017-10-07-0908.data.ebf0728b-3153-4191-9e5b-2ca3d6be3add.txt,CodeMixing2.2017-10-07-0911.data.ebf0728b-3153-4191-9e5b-2ca3d6be3add.txt,CodeMixing3.2017-10-07-0930.data.ebf0728b-3153-4191-9e5b-2ca3d6be3add.txt,2017-10-07-09-04,2017-10-07-09-30,
s.8fbc99b0-b68b-483d-93b4-4c702466d7f9.txt,25,Bengali,West Bengal,"","","",2017-10-05-10-29,""
s.8f14a2ad-e6df-4690-8459-fa79b207109f.txt,26,Hindi,Uttar Pradesh,CodeMixing.2017-10-06-1414.data.8f14a2ad-e6df-4690-8459-fa79b207109f.txt,"","",2017-10-06-14-10,""
s.ae6b0750-3e19-44c1-9211-bfa50368c4ff.txt,32,Marathi,Mumbai,CodeMixing.2017-10-06-1428.data.ae6b0750-3e19-44c1-9211-bfa50368c4ff.txt,CodeMixing2.2017-10-06-1430.data.ae6b0750-3e19-44c1-9211-bfa50368c4ff.txt,CodeMixing3.2017-10-06-1432.data.ae6b0750-3e19-44c1-9211-bfa50368c4ff.txt,2017-10-06-14-26,2017-10-06-14-32,
s.8790e89c-f570-47e9-9009-26043f281846.txt,21,HINDI,GUJARAT,CodeMixing.2017-10-06-1236.data.8790e89c-f570-47e9-9009-26043f281846.txt,CodeMixing2.2017-10-06-1239.data.8790e89c-f570-47e9-9009-26043f281846.txt,CodeMixing3.2017-10-06-1242.data.8790e89c-f570-47e9-9009-26043f281846.txt,2017-10-06-12-33,2017-10-06-12-42,
s.701b49c5-b2df-47e6-849e-7a40376607a9.txt,59,bengali,WB,CodeMixing.2017-09-27-0749.data.701b49c5-b2df-47e6-849e-7a40376607a9.txt,CodeMixing2.2017-09-27-0752.data.701b49c5-b2df-47e6-849e-7a40376607a9.txt,CodeMixing3.2017-09-27-0755.data.701b49c5-b2df-47e6-849e-7a40376607a9.txt,2017-09-27-07-41,2017-09-27-07-55,
s.8542e32f-f00c-4ed0-abde-612a5005bbbf.txt,"","","","","","",2017-09-14-15-25,""
s.1bd8f75e-c417-4acb-9e4d-d370b81c9e13.txt,27,Bengali,medinipur,"","","",2017-10-06-08-42,""
s.566b8f38-9963-4bb6-b1aa-934582e083f4.txt,23,Bengali,Kolkata,CodeMixing.2017-10-09-2118.data.566b8f38-9963-4bb6-b1aa-934582e083f4.txt,CodeMixing2.2017-10-09-2121.data.566b8f38-9963-4bb6-b1aa-934582e083f4.txt,CodeMixing3.2017-10-09-2124.data.566b8f38-9963-4bb6-b1aa-934582e083f4.txt,2017-10-09-21-14,2017-10-09-21-24,
s.595a1646-85f3-4b1c-a9ce-db9715afd6b5.txt,33,Hindi,Jamshedpur,CodeMixing.2017-10-06-1256.data.595a1646-85f3-4b1c-a9ce-db9715afd6b5.txt,"","",2017-10-06-12-49,""
s.5bd715c0-9c4e-496d-ad45-61da93299d6b.txt,24,Malayalam,Kerala,"","","",2017-10-06-07-10,""
s.ef35116d-6325-49c2-8f40-41a30094d4a7.txt,18,Hindi,Rajasthan,"","","",2017-11-07-20-23,""
s.bc440748-9197-4b73-af80-18bd07b1793e.txt,21,Bengali,West Bengal,"","","",2017-10-06-09-13,""
s.b8a431ac-2e06-49c3-986f-8e62f2c942e8.txt,21,Hindi,Bihar,"","","",2017-10-07-15-42,""
s.f79345b7-09e3-4d58-920b-77ddea0890ca.txt,18,Assamese,Assam,"","","",2017-11-08-13-11,""
s.e2c1ae45-7b4a-4d8e-94ef-adedc91a3a83.txt,23,Hindi,Jalpaiguri,"","","",2017-10-08-09-06,""
s.c1db4323-5434-4ee1-ba8a-877826c265ca.txt,21,Hindi ,Odisha,"","","",2017-10-06-12-13,""
s.83a64cc0-788c-4da5-a4ef-a51220442adb.txt,20,hindi,maharashtra,CodeMixing.2017-10-06-1530.data.83a64cc0-788c-4da5-a4ef-a51220442adb.txt,CodeMixing2.2017-10-06-1533.data.83a64cc0-788c-4da5-a4ef-a51220442adb.txt,CodeMixing3.2017-10-06-1536.data.83a64cc0-788c-4da5-a4ef-a51220442adb.txt,2017-10-06-15-27,2017-10-06-15-36,
s.8dcdeb94-680f-4fd2-910c-8d4b3451bf4d.txt,21,Hindi,"","","","",2017-10-06-11-02,""
s.9b5c978d-c39c-4026-a3cb-ec0d9ed3212f.txt,24,Hindi,India,CodeMixing.2017-09-14-1217.data.9b5c978d-c39c-4026-a3cb-ec0d9ed3212f.txt,CodeMixing2.2017-09-14-1219.data.9b5c978d-c39c-4026-a3cb-ec0d9ed3212f.txt,CodeMixing3.2017-09-14-1222.data.9b5c978d-c39c-4026-a3cb-ec0d9ed3212f.txt,2017-09-14-12-13,2017-09-14-12-22,
s.5167ba1b-4fd1-4da9-94e5-4a2abab9afe7.txt,20,Bengali,Kolkata,"","","",2017-10-06-09-48,""
s.8280aa21-bd88-4a8c-8ef8-d95d83d80b80.txt,38,English,Delhi,CodeMixing.2017-10-06-1452.data.8280aa21-bd88-4a8c-8ef8-d95d83d80b80.txt,"","",2017-10-06-14-48,""
s.afe91206-5221-47a0-85a6-cad3a9985340.txt,21,Hindi,Gwalior,CodeMixing.2017-10-06-1521.data.afe91206-5221-47a0-85a6-cad3a9985340.txt,CodeMixing2.2017-10-06-1523.data.afe91206-5221-47a0-85a6-cad3a9985340.txt,CodeMixing3.2017-10-06-1526.data.afe91206-5221-47a0-85a6-cad3a9985340.txt,2017-10-06-15-18,2017-10-06-15-26,
s.6966dcd7-e565-4281-97f3-072a3ede7cae.txt,26,Hindi,Uttar Pradesh,"","","",2017-10-06-14-15,""
s.b8344d29-a008-4e9a-a95e-94a43a2828d0.txt,30,Bengali,Kolkata,CodeMixing.2017-10-06-1226.data.b8344d29-a008-4e9a-a95e-94a43a2828d0.txt,CodeMixing2.2017-10-06-1228.data.b8344d29-a008-4e9a-a95e-94a43a2828d0.txt,CodeMixing3.2017-10-06-1230.data.b8344d29-a008-4e9a-a95e-94a43a2828d0.txt,2017-10-06-12-23,2017-10-06-12-30,
s.a06fe660-f782-49f7-ba1b-2ebe3acd9110.txt,24,Hindi,North India,CodeMixing.2017-10-06-1529.data.a06fe660-f782-49f7-ba1b-2ebe3acd9110.txt,CodeMixing2.2017-10-06-1531.data.a06fe660-f782-49f7-ba1b-2ebe3acd9110.txt,CodeMixing3.2017-10-06-1534.data.a06fe660-f782-49f7-ba1b-2ebe3acd9110.txt,2017-10-06-15-27,2017-10-06-15-34,
s.9948605c-f94b-4fde-bc5a-ec25a8bc4330.txt,21,Hindi,Jharkhand,"","","",2017-10-06-12-50,""
s.fb87285d-f73d-4483-bca6-8a280cfac1cc.txt,24,Bengali,West Bengal,"","","",2017-10-07-05-03,""
s.b76f42e6-a2a1-43bd-a31c-fe24c1b47078.txt,22,Hindi,Haryana,"","","",2017-10-04-14-15,""
s.8cfb681b-331d-4a95-b905-deb6587d3419.txt,25,Bengali,West Bengal,CodeMixing.2017-09-08-0738.data.8cfb681b-331d-4a95-b905-deb6587d3419.txt,CodeMixing2.2017-09-08-0741.data.8cfb681b-331d-4a95-b905-deb6587d3419.txt,CodeMixing3.2017-09-08-0744.data.8cfb681b-331d-4a95-b905-deb6587d3419.txt,2017-09-08-07-34,2017-09-08-07-44,
s.03fda3ca-18d8-4fc9-ba07-c6d66e18ae93.txt,24,Bengali,West Bengal,"","","",2017-10-05-23-55,""
s.9b3f1ddc-91b7-4e17-bfa7-8e054cbdf04d.txt,26,Hindi,Bihar,"","","",2017-10-07-18-48,""
s.962ea742-fe24-4078-a14b-6e346bfc5676.txt,26,Punjabi,Punjab,CodeMixing.2017-09-14-1529.data.962ea742-fe24-4078-a14b-6e346bfc5676.txt,CodeMixing2.2017-09-14-1531.data.962ea742-fe24-4078-a14b-6e346bfc5676.txt,"",2017-09-14-15-25,""
s.204c29dc-42f2-4923-a616-40b404524592.txt,26,Hindi,Rajasthan,"","","",2017-10-08-20-56,""
s.e446b81b-6af0-4ae1-9fd6-1590032b43b4.txt,21,Hindi,Hindu,"","","",2017-10-06-12-49,""
s.8a38e12a-3d3a-4241-b164-55c84a8b5917.txt,23,HINDI,UP,CodeMixing.2017-09-14-1142.data.8a38e12a-3d3a-4241-b164-55c84a8b5917.txt,CodeMixing2.2017-09-14-1145.data.8a38e12a-3d3a-4241-b164-55c84a8b5917.txt,CodeMixing3.2017-09-14-1147.data.8a38e12a-3d3a-4241-b164-55c84a8b5917.txt,2017-09-14-11-39,2017-09-14-11-47,
s.f0945c78-e8ff-44a7-8e44-9cf35d190f29.txt,"","","","","","",2017-09-14-11-05,""
s.d1bd5fad-078a-4af2-89ee-fbb541e7572c.txt,31,Hindi,Hindu,CodeMixing.2017-10-06-1447.data.d1bd5fad-078a-4af2-89ee-fbb541e7572c.txt,"","",2017-10-06-14-44,""
s.545f30b2-6022-407f-8841-b578d137af51.txt,20,hindi,bihar,CodeMixing.2017-10-06-1521.data.545f30b2-6022-407f-8841-b578d137af51.txt,CodeMixing2.2017-10-06-1525.data.545f30b2-6022-407f-8841-b578d137af51.txt,CodeMixing3.2017-10-06-1528.data.545f30b2-6022-407f-8841-b578d137af51.txt,2017-10-06-15-17,2017-10-06-15-28,
s.749042a0-9ab5-42c1-aff6-da5c4848bfe3.txt,18,Marathi,Maharashtra ,"","","",2017-11-07-20-03,""
s.322a9344-97eb-4f60-847f-87222ee28ea8.txt,23,Bengali,West Bengal,"","","",2017-10-09-18-52,""
s.339a5134-0180-490c-a8a5-0e462d69082f.txt,Chamu,Kamu,Pamu,CodeMixing.2017-10-07-1142.data.339a5134-0180-490c-a8a5-0e462d69082f.txt,CodeMixing2.2017-10-07-1154.data.339a5134-0180-490c-a8a5-0e462d69082f.txt,CodeMixing3.2017-10-07-1218.data.339a5134-0180-490c-a8a5-0e462d69082f.txt,2017-10-07-11-40,2017-10-07-12-18,
s.b5201415-bda3-43c2-a868-43f7176c9ef8.txt,24,Hindi,Chhattisgarh,CodeMixing.2017-10-06-1812.data.b5201415-bda3-43c2-a868-43f7176c9ef8.txt,CodeMixing2.2017-10-06-1815.data.b5201415-bda3-43c2-a868-43f7176c9ef8.txt,CodeMixing3.2017-10-06-1817.data.b5201415-bda3-43c2-a868-43f7176c9ef8.txt,2017-10-06-17-57,2017-10-06-18-17,
s.8d379a78-0533-4f82-8776-ccb5605c7f39.txt,24,Odia,Cuttack,"","","",2017-10-06-13-57,""
s.846c6fb6-ceca-421e-adbd-3c52dcd7dea0.txt,23,Gujarati,Gujarat,CodeMixing.2017-10-06-1131.data.846c6fb6-ceca-421e-adbd-3c52dcd7dea0.txt,CodeMixing2.2017-10-06-1134.data.846c6fb6-ceca-421e-adbd-3c52dcd7dea0.txt,CodeMixing3.2017-10-06-1136.data.846c6fb6-ceca-421e-adbd-3c52dcd7dea0.txt,2017-10-06-11-28,2017-10-06-11-36,
s.64e498a3-1b6e-464b-aae8-e63b26e4e338.txt,"","","","","","",2017-10-06-12-36,""
s.ce552d41-cf4d-48ae-836b-a8c23b9a088f.txt,46,hindi,Bihar,CodeMixing.2017-10-22-1806.data.ce552d41-cf4d-48ae-836b-a8c23b9a088f.txt,CodeMixing2.2017-10-22-1809.data.ce552d41-cf4d-48ae-836b-a8c23b9a088f.txt,CodeMixing3.2017-10-22-1811.data.ce552d41-cf4d-48ae-836b-a8c23b9a088f.txt,2017-10-22-18-02,2017-10-22-18-11,
s.84d17cd7-10e1-41e4-8cec-1794b294599b.txt,31,gujurati,mumbai,CodeMixing.2017-10-08-0851.data.84d17cd7-10e1-41e4-8cec-1794b294599b.txt,"","",2017-10-08-08-45,""
s.05ad5fb2-ab82-4624-8f31-594131d7de6e.txt,23,Bengali,West Bengal,"","","",2017-10-09-18-50,""
s.0baf21ec-8593-4a30-8567-80282057cff7.txt,23,Bengali,West Bengal,"","","",2017-10-09-18-45,""
s.9f8a901b-be6f-404b-b2c3-98fbab0413ce.txt,21,telugu,andhra pradesh,CodeMixing.2017-10-06-1508.data.9f8a901b-be6f-404b-b2c3-98fbab0413ce.txt,CodeMixing2.2017-10-06-1511.data.9f8a901b-be6f-404b-b2c3-98fbab0413ce.txt,CodeMixing3.2017-10-06-1515.data.9f8a901b-be6f-404b-b2c3-98fbab0413ce.txt,2017-10-06-15-04,2017-10-06-15-15,
s.c4a66906-06b3-41f3-9c3a-06cbc72d2c98.txt,25,Bengali,West Bengal,CodeMixing.2017-11-06-1431.data.c4a66906-06b3-41f3-9c3a-06cbc72d2c98.txt,"","",2017-11-06-14-27,""
s.74f50baf-051b-498f-b32c-48fc57f346ab.txt,23,Bengali,West Bengal,CodeMixing.2017-10-09-1858.data.74f50baf-051b-498f-b32c-48fc57f346ab.txt,CodeMixing2.2017-10-09-1901.data.74f50baf-051b-498f-b32c-48fc57f346ab.txt,CodeMixing3.2017-10-09-1904.data.74f50baf-051b-498f-b32c-48fc57f346ab.txt,2017-10-09-18-55,2017-10-09-19-04,
s.292ef1bb-e9c8-4b72-bafd-403f26d922ce.txt,24,Hindi,Varanasi,"","","",2017-10-06-21-27,""
s.da28fef2-6bc8-4a77-9fce-bdaa9a92755b.txt,32,Hinfi,UP,"","","",2017-10-06-13-37,""
s.125a4c81-b089-4f37-8d7e-8f6ddd88a1ed.txt,33,Hindi,Hindu,"","","",2017-10-06-12-47,""
s.6a141718-080d-47fa-86af-cdd97735184c.txt,32,konkani,goa,"","","",2017-10-06-14-11,""
s.62787105-1f82-4285-967e-94503517ef01.txt,23,HINDI,Uttar Pradesh,"","","",2017-09-14-11-33,""
s.4619bf5a-e4b8-4f0e-8bbd-f7bfffb3cc08.txt,21,Hindi,Gujarat,"","","",2017-10-06-11-59,""
s.46e2423a-a7cf-4188-bcd6-96f64d845a81.txt,18,hindi,rajasthan,"","","",2017-11-09-17-20,""
s.eccb6f74-cb05-407b-8ff8-57d026cc92fb.txt,26,hindi,bihar,CodeMixing.2017-10-08-1400.data.eccb6f74-cb05-407b-8ff8-57d026cc92fb.txt,CodeMixing2.2017-10-08-1403.data.eccb6f74-cb05-407b-8ff8-57d026cc92fb.txt,CodeMixing3.2017-10-08-1405.data.eccb6f74-cb05-407b-8ff8-57d026cc92fb.txt,2017-10-08-13-57,2017-10-08-14-05,
s.312a7750-3bc0-4d3f-af28-c4a91dfc5ef4.txt,24,Bengali,West Bengal,CodeMixing.2017-10-06-0507.data.312a7750-3bc0-4d3f-af28-c4a91dfc5ef4.txt,CodeMixing2.2017-10-06-0514.data.312a7750-3bc0-4d3f-af28-c4a91dfc5ef4.txt,CodeMixing3.2017-10-06-0527.data.312a7750-3bc0-4d3f-af28-c4a91dfc5ef4.txt,2017-10-06-05-05,2017-10-06-05-27,
s.621f94ea-9f45-43d1-9db6-17df7984d71c.txt,25,Bengali,West Bengal,"","","",2017-10-06-09-02,""
s.90b9c2d5-250f-4c37-903f-6b6ee8a0d936.txt,"","","","","","",2017-10-06-12-50,""
s.635b7c87-f2f6-4d68-bc4c-a747a040ccb7.txt,35,Bengali,Kolkata,"","","",2017-10-06-15-01,""
s.0e0fa01b-53bd-471e-89f4-ca5263aa4c44.txt,21,Marathi,Maharashtra,"","","",2017-10-06-12-48,""
s.57b667eb-e1e5-4172-afa6-e2e959fb8cd1.txt,"","","","","","",2017-10-06-12-45,""
